{"model_6": {"rmse_f_mean": 34.45475399494171, "rmse_f_std": 0.8493647829817195, "rel_rmse_f_mean": 41.74080202276184, "rel_rmse_f_std": 1.0289780892749563, "runtime_mean": 7.29685131230702, "runtime_std": 0.09425332978287877, "rmse_f_p_values": {"model_46": 6.027140817309276e-16, "model_42": 8.878650850688362e-07, "model_34": 0.02288855405666977, "model_30": 0.02322482362541206, "model_2": 5.797097966617889e-10, "model_22": 2.87794295563058e-14, "model_18": 1.013721178150333e-12, "model_14": 0.003508025512051298, "model_10": 4.1683671195523315e-05}, "rel_rmse_f_p_values": {"model_46": 6.027141153406496e-16, "model_42": 8.87857272883362e-07, "model_34": 0.02288850940328392, "model_30": 0.02322500355289815, "model_2": 5.79718062360799e-10, "model_22": 2.877928326196577e-14, "model_18": 1.0137112424089492e-12, "model_14": 0.0035080559792385734, "model_10": 4.1683570501216656e-05}, "runtimes_p_values": {"model_46": 7.171354272483819e-37, "model_42": 5.37696392627473e-21, "model_34": 1.3235275719390448e-20, "model_30": 1.8314301143861298e-09, "model_2": 0.003565044303573894, "model_22": 1.0376600582723516e-23, "model_18": 3.4555762585388515e-16, "model_14": 3.472103427902038e-11, "model_10": 3.907659333115962e-13}, "rmse_f_power": {"model_46": 1.0, "model_42": NaN, "model_34": 0.8875526618020458, "model_30": 0.891036529247759, "model_2": 1.0, "model_22": 1.0, "model_18": 1.0, "model_14": 0.9888370524646624, "model_10": 0.9999959883512418}, "rel_rmse_f_power": {"model_46": 1.0, "model_42": NaN, "model_34": 0.8875528636555047, "model_30": 0.8910357106497083, "model_2": 1.0, "model_22": 1.0, "model_18": 1.0, "model_14": 0.9888369129880928, "model_10": 0.9999959883671873}, "runtimes_power": {"model_46": 1.0, "model_42": 1.0, "model_34": 1.0, "model_30": 1.0, "model_2": 0.9874323491788906, "model_22": 1.0, "model_18": 1.0, "model_14": 1.0, "model_10": 1.0}}, "model_46": {"rmse_f_mean": 28.52925496796767, "rmse_f_std": 1.003790322189179, "rel_rmse_f_mean": 34.56225448560412, "rel_rmse_f_std": 1.2160589109157507, "runtime_mean": 11.066620397381485, "runtime_std": 0.10573380326840841, "rmse_f_p_values": {"model_6": 6.027140817309276e-16, "model_42": 2.3010397813666423e-06, "model_34": 3.2511635728795905e-13, "model_30": 6.266339544522148e-16, "model_2": 5.360682852946954e-19, "model_22": 0.008555229475185269, "model_18": 8.293327470385933e-06, "model_14": 8.68680921835027e-14, "model_10": 8.381871765262461e-11}, "rel_rmse_f_p_values": {"model_6": 6.027141153406496e-16, "model_42": 2.3010403389560165e-06, "model_34": 3.251139832439985e-13, "model_30": 6.266417700375872e-16, "model_2": 5.360652338417513e-19, "model_22": 0.00855521395740471, "model_18": 8.293229441355562e-06, "model_14": 8.686722831811378e-14, "model_10": 8.381884639761787e-11}, "runtimes_p_values": {"model_6": 7.171354272483819e-37, "model_42": 5.02369575376968e-22, "model_34": 2.167729559537992e-30, "model_30": 2.6310196648564006e-22, "model_2": 2.0077498908174234e-35, "model_22": 2.1142757089444696e-28, "model_18": 6.071014800433268e-29, "model_14": 1.18666762867098e-19, "model_10": 1.0191186932606779e-29}, "rmse_f_power": {"model_6": 1.0, "model_42": 0.9999999990063644, "model_34": 1.0, "model_30": 1.0, "model_2": 1.0, "model_22": 0.9626156922407847, "model_18": 0.9999998841510185, "model_14": 1.0, "model_10": 1.0}, "rel_rmse_f_power": {"model_6": 1.0, "model_42": 0.9999999990063618, "model_34": 1.0, "model_30": 1.0, "model_2": 1.0, "model_22": 0.9626157742741132, "model_18": 0.9999998841548436, "model_14": 1.0, "model_10": 1.0}, "runtimes_power": {"model_6": 1.0, "model_42": 1.0, "model_34": 1.0, "model_30": 1.0, "model_2": 1.0, "model_22": 1.0, "model_18": 1.0, "model_14": 1.0, "model_10": 1.0}}, "model_42": {"rmse_f_mean": 31.425559520721436, "rmse_f_std": 1.4640877655055358, "rel_rmse_f_mean": 38.07103129920731, "rel_rmse_f_std": 1.7736936813433577, "runtime_mean": 8.8737884948651, "runtime_std": 0.02993854489438607, "rmse_f_p_values": {"model_6": 8.878650850688362e-07, "model_46": 2.3010397813666423e-06, "model_34": 0.00015900091175278882, "model_30": 7.01475785515524e-08, "model_2": 4.8538260882192684e-11, "model_22": 1.85725842311602e-08, "model_18": 0.04839607751904635, "model_14": 6.883460352321418e-05, "model_10": 0.024235771996526805}, "rel_rmse_f_p_values": {"model_6": 8.87857272883362e-07, "model_46": 2.3010403389560165e-06, "model_34": 0.00015899964130536176, "model_30": 7.014735419604228e-08, "model_2": 4.853781262321168e-11, "model_22": 1.85725636206671e-08, "model_18": 0.048396248044660306, "model_14": 6.883390081326183e-05, "model_10": 0.024235705156905298}, "runtimes_p_values": {"model_6": 5.37696392627473e-21, "model_46": 5.02369575376968e-22, "model_34": 1.524336605522812e-09, "model_30": 2.2284140819695777e-10, "model_2": 8.872993273581714e-19, "model_22": 0.23349568077239316, "model_18": 2.7726040940526457e-11, "model_14": 2.8779339781326915e-07, "model_10": 3.5102390107178604e-13}, "rmse_f_power": {"model_6": NaN, "model_46": 0.9999999990063644, "model_34": 0.9999339579156237, "model_30": 1.0, "model_2": 1.0, "model_22": 0.9999999999999998, "model_18": 0.7829186941919071, "model_14": 0.9999990336760505, "model_10": 0.8815237382277241}, "rel_rmse_f_power": {"model_6": NaN, "model_46": 0.9999999990063618, "model_34": 0.9999339589960183, "model_30": 1.0, "model_2": 1.0, "model_22": 0.9999999999999998, "model_18": 0.7829180591185723, "model_14": 0.9999990337008939, "model_10": 0.8815240548350685}, "runtimes_power": {"model_6": 1.0, "model_46": 1.0, "model_34": 1.0, "model_30": NaN, "model_2": 1.0, "model_22": 0.3720766322518792, "model_18": NaN, "model_14": 1.0, "model_10": NaN}}, "model_34": {"rmse_f_mean": 33.57074409723282, "rmse_f_std": 1.0743526769613765, "rel_rmse_f_mean": 40.6698528089815, "rel_rmse_f_std": 1.3015423460521267, "runtime_mean": 8.44063803224514, "runtime_std": 0.12587528632746783, "rmse_f_p_values": {"model_6": 0.02288855405666977, "model_46": 3.2511635728795905e-13, "model_42": 0.00015900091175278882, "model_30": 0.0001059005379162766, "model_2": 2.7648307379683686e-10, "model_22": 2.7757259639476575e-13, "model_18": 5.906026494842917e-09, "model_14": 0.9827827892541466, "model_10": 0.0275362159699066}, "rel_rmse_f_p_values": {"model_6": 0.02288850940328392, "model_46": 3.251139832439985e-13, "model_42": 0.00015899964130536176, "model_30": 0.0001059004099516616, "model_2": 2.764804195909993e-10, "model_22": 2.775720828928916e-13, "model_18": 5.905967188002909e-09, "model_14": 0.9827812469386226, "model_10": 0.027536128546601153}, "runtimes_p_values": {"model_6": 1.3235275719390448e-20, "model_46": 2.167729559537992e-30, "model_42": 1.524336605522812e-09, "model_30": 4.859137292514835e-07, "model_2": 1.1944282683287757e-21, "model_22": 6.8896709037778515e-09, "model_18": 6.682475024078591e-05, "model_14": 0.0454127536693868, "model_10": 5.15959192782085e-10}, "rmse_f_power": {"model_6": 0.8875526618020458, "model_46": 1.0, "model_42": 0.9999339579156237, "model_30": 0.9999917591583416, "model_2": 1.0, "model_22": 1.0, "model_18": 1.0, "model_14": 0.050095208098009505, "model_10": 0.8635166434186538}, "rel_rmse_f_power": {"model_6": 0.8875528636555047, "model_46": 1.0, "model_42": 0.9999339589960183, "model_30": 0.9999917592074613, "model_2": 1.0, "model_22": 1.0, "model_18": 1.0, "model_14": 0.05009522515818992, "model_10": 0.8635170539088652}, "runtimes_power": {"model_6": 1.0, "model_46": 1.0, "model_42": 1.0, "model_30": 0.9999999999994156, "model_2": 1.0, "model_22": 1.0, "model_18": 0.9999853429155771, "model_14": 0.7989120033292918, "model_10": 1.0}}, "model_30": {"rmse_f_mean": 35.10301113128662, "rmse_f_std": 0.5249068292176973, "rel_rmse_f_mean": 42.52614318695271, "rel_rmse_f_std": 0.6359065476507498, "runtime_mean": 7.972135730770727, "runtime_std": 0.21780453101863528, "rmse_f_p_values": {"model_6": 0.02322482362541206, "model_46": 6.266339544522148e-16, "model_42": 7.01475785515524e-08, "model_34": 0.0001059005379162766,