image_index,allegro_energy_norm,allegro_fmax_final,vasp_energy_norm,vasp_fmax_final
0,0.0,0.4930155683435619,0.0,0.0027314285639569637
1,1.2623016738064052,2.755502902752879,0.06672022999987348,0.2177393835207586
2,4.4235542771032215,3.04284244416544,0.28469917000006717,0.473559800200566
3,5.932552123933647,0.04951930172774594,0.4423910599998635,0.025113355530474217
4,4.4908828851955604,3.049326666045184,0.39178870000000643,0.18908286564625573
5,1.2706801046226701,2.8382092812349184,0.3112902400000621,0.1351828947833268
6,-0.02668514802530808,0.3615742278767432,0.27860721999991256,0.0033857904542366466
