system,allegro_barrier_fwd_eV,vasp_barrier_fwd_eV,barrier_diff_fwd_eV,allegro_barrier_rev_eV,vasp_barrier_rev_eV,barrier_diff_rev_eV
Cr6Ti5V107W5Zr2_41_to_17,2.3825377203265816,0.6958717500001512,1.6866659703264304,2.6394024935118523,0.804113640000196,1.8352888535116563
Cr6Ti11V102W6Zr3_60_to_54,6.930357002896244,0.40451776000008977,6.525839242896154,6.8804050571786775,0.6963178700000299,6.184087187178648
Cr4Ti7V111W4Zr2_14_to_15,0.4287480786413198,2.278594489999932,-1.8498464113586124,0.7277681078144269,1.7428388200000882,-1.0150707121856613
Cr4Ti12V107WZr_101_to_97,5.932552123933647,0.4423910599998635,5.490161063933783,5.959237271958955,0.16378383999995094,5.795453431959004
Cr2Ti2V120W2Zr2_98_to_117,6.298360678286826,1.5820275999999467,4.71633307828688,6.0995248314739,1.5411651100000654,4.558359721473835
Cr5Ti5V115_17_to_23,36.880895398088114,4.697632669999848,32.183262728088266,36.88137002732128,4.674994969999943,32.20637505732134
