image_index,allegro_energy_norm,allegro_fmax_final,vasp_energy_norm,vasp_fmax_final
0,0.0,0.47209310592984804,0.0,0.009212519796450915
1,0.651420631361816,2.0363026425988644,0.9317886199999066,1.7795124107487985
2,3.0358283483176365,2.431897149219237,3.518326539999862,2.5259960251754157
3,4.385817620978969,0.04548988366205644,4.697632669999848,0.02741499314243941
4,2.856781100317221,2.5822714014607198,3.478090849999944,2.526906599454954
5,0.48661828455033174,1.9434741576191386,0.934049049999885,1.7628752853145908
6,0.028775227983715013,0.5401797949223057,0.022637699999904726,0.008555111513007882
