system,allegro_barrier_fwd_eV,vasp_barrier_fwd_eV,barrier_diff_fwd_eV,allegro_barrier_rev_eV,vasp_barrier_rev_eV,barrier_diff_rev_eV
Cr6Ti5V107W5Zr2_41_to_17,1.6809800828407333,0.6958717500001512,0.9851083328405821,1.643598736936383,0.804113640000196,0.8394850969361869
Cr6Ti11V102W6Zr3_60_to_54,5.272640722720325,0.40451776000008977,4.868122962720236,5.327794596696094,0.6963178700000299,4.631476726696064
Cr4Ti7V111W4Zr2_14_to_15,4.212483056726796,2.278594489999932,1.9338885667268642,4.938396022066172,1.7428388200000882,3.195557202066084
Cr4Ti12V107WZr_101_to_97,4.178433100440998,0.4423910599998635,3.7360420404411343,4.151772602894653,0.16378383999995094,3.9879887628947017
Cr2Ti2V120W2Zr2_98_to_117,5.88885889656558,1.5820275999999467,4.306831296565633,5.757593357074256,1.5411651100000654,4.216428247074191
Cr5Ti5V115_17_to_23,4.385817620978969,4.697632669999848,-0.3118150490208791,4.357042392995254,4.674994969999943,-0.3179525770046894
