image_index,allegro_energy_norm,allegro_fmax_final,vasp_energy_norm,vasp_fmax_final
0,0.0,0.6571034239141462,0.0,0.002867916839798532
1,1.3984036308290797,1.7902575610827056,0.06104795000010199,0.27230707018731626
2,3.998028151394692,1.4589528275922157,0.2684213400000317,0.4072024182381534
3,5.272640722720325,0.062295168925578875,0.40451776000008977,0.023655176029782572
4,3.822436021705471,2.0349945176693076,0.18116340999995373,0.6701868876925302
5,0.9441997249880387,2.383116442678091,-0.19214108999995005,0.43715483112279563
6,-0.055153873975768875,0.5292674689002255,-0.2918001099999401,0.003585544031245468
