image_index,allegro_energy_norm,allegro_fmax_final,vasp_energy_norm,vasp_fmax_final
0,0.0,0.4112987448341703,0.0,0.001322578542091168
1,0.005562708495972402,0.6777723861274754,0.5437981200000195,1.3747106752233358
2,0.30759730475801916,0.5588169259359844,1.7894324100000176,1.1850289346011769
3,0.4287480786413198,0.04697033938105938,2.278594489999932,0.003910958194611648
4,0.2127783890405226,0.8152299739231094,1.7946008199999142,1.1632142322177803
5,-0.24273624913053027,1.0737709991033844,0.8657404299999598,0.8778745419984566
6,-0.2990200291731071,0.6067870165715206,0.535755669999844,0.0012537659271171793
