image_index,allegro_energy_norm,allegro_fmax_final,vasp_energy_norm,vasp_fmax_final
0,0.0,0.5015810356031023,0.0,0.002867916839798532
1,1.1428733805169031,2.9082513256812677,0.06104795000010199,0.27230707018731626
2,4.336894843710979,3.5705751210915118,0.2684213400000317,0.4072024182381534
3,6.930357002896244,0.04571028642886617,0.40451776000008977,0.023655176029782572
4,4.44865106971065,3.5074762211993527,0.18116340999995373,0.6701868876925302
5,1.25341941796205,2.9434096782491013,-0.19214108999995005,0.43715483112279563
6,0.04995194571756656,0.4975732489012194,-0.2918001099999401,0.003585544031245468
